time_s,sum_signed_m3s,sum_abs_m3s
0.0,-0.36892827396513894,9.227270217088517
