{
  "simulator": "epanet",
  "inp_stem": "tmpw0l3v_sf.demand_filled",
  "statistics": {
    "n_timesteps": 1,
    "mean_total_signed": -0.36892827396513894,
    "max_total_signed": -0.36892827396513894,
    "min_total_signed": -0.36892827396513894,
    "std_total_signed": NaN,
    "link_count": 205
  },
  "series": [
    {
      "time_s": 0.0,
      "sum_signed_m3s": -0.36892827396513894,
      "sum_abs_m3s": 9.227270217088517
    }
  ]
}