time_s,sum_signed_m3s,sum_abs_m3s
0.0,-0.49899887217907235,9.208593712362926
