time_s,sum_signed_m3s,sum_abs_m3s
0.0,1.2835864524822682,10.205445209285244
