{
  "simulator": "epanet",
  "inp_stem": "tmpdk8gwxc6.demand_filled",
  "statistics": {
    "n_timesteps": 1,
    "mean_total_signed": 1.2835864524822682,
    "max_total_signed": 1.2835864524822682,
    "min_total_signed": 1.2835864524822682,
    "std_total_signed": NaN,
    "link_count": 205
  },
  "series": [
    {
      "time_s": 0.0,
      "sum_signed_m3s": 1.2835864524822682,
      "sum_abs_m3s": 10.205445209285244
    }
  ]
}