time_s,sum_signed_m3s,sum_abs_m3s
0.0,1.9764057298598345,9.411831563949818
