{
  "simulator": "epanet",
  "inp_stem": "tmpt8qjwx5s.demand_filled",
  "statistics": {
    "n_timesteps": 1,
    "mean_total_signed": 1.9764057298598345,
    "max_total_signed": 1.9764057298598345,
    "min_total_signed": 1.9764057298598345,
    "std_total_signed": NaN,
    "link_count": 205
  },
  "series": [
    {
      "time_s": 0.0,
      "sum_signed_m3s": 1.9764057298598345,
      "sum_abs_m3s": 9.411831563949818
    }
  ]
}