{
  "epanet": {
    "cost": 25068888.232682053,
    "feasible": true,
    "total_length": 262.4947220261835,
    "implied_unit_cost": 95502.44682703167,
    "num_pipes": 205,
    "diameters": {
      "N142_N143": 250,
      "N144_N145": 250,
      "N143_N144": 315,
      "N145_N146": 225,
      "N146_N147": 225,
      "N149_N150": 200,
      "N150_N151": 225,
      "N151_N152": 200,
      "N152_N153": 280,
      "N154_N155": 250,
      "N153_N154": 225,
      "N155_N156": 225,
      "N156_N157": 200,
      "N157_N158": 225,
      "N158_N159": 225,
      "N159_N160": 280,
      "N160_N161": 200,
      "N161_N162": 225,
      "N162_N163": 280,
      "N163_N164": 250,
      "N164_N165": 225,
      "N83_N82": 225,
      "N122_N123": 225,
      "N123_N124": 225,
      "N124_N125": 200,
      "N125_N126": 225,
      "N136_N137": 225,
      "N137_N138": 225,
      "N139_N140": 225,
      "N138_N139": 225,
      "N140_N141": 250,
      "N141_N142": 225,
      "N147_N148": 200,
      "N148_N149": 250,
      "N148_N166": 350,
      "N166_N167": 225,
      "N168_N169": 225,
      "N167_N168": 280,
      "N169_N170": 225,
      "N170_N171": 200,
      "N171_N172": 200,
      "N172_N173": 350,
      "N173_N174": 315,
      "N174_N175": 225,
      "N176_N177": 280,
      "N175_N176": 250,
      "N177_N178": 225,
      "N178_N179": 315,
      "N179_N180": 200,
      "N180_N181": 200,
      "N181_N182": 250,
      "N182_N183": 250,
      "N183_N184": 225,
      "N184_N185": 250,
      "N185_N186": 200,
      "N186_N187": 250,
      "N187_N188": 225,
      "N188_N189": 200,
      "N189_N190": 225,
      "N190_N191": 200,
      "N71_N70": 225,
      "N68_N67": 200,
      "N67_N66": 225,
      "N66_N65": 225,
      "N65_N64": 225,
      "N64_N63": 350,
      "N63_N62": 250,
      "N62_N61": 225,
      "N60_N59": 225,
      "N61_N60": 225,
      "N59_N58": 250,
      "N58_N57": 225,
      "N57_N56": 250,
      "N56_N55": 250,
      "N55_N54": 350,
      "N54_N53": 250,
      "N53_N52": 200,
      "N72_N73": 225,
      "N74_N75": 250,
      "N73_N74": 280,
      "N75_N76": 250,
      "N76_N77": 200,
      "N77_N78": 280,
      "N78_N79": 200,
      "N80_N79": 450,
      "N40_N39": 200,
      "N39_N38": 200,
      "N38_N37": 350,
      "N36_N35": 225,
      "N37_N36": 280,
      "N35_N34": 280,
      "N34_N33": 250,
      "N33_N32": 225,
      "N16_N15": 225,
      "N15_N14": 200,
      "N14_N13": 315,
      "N13_N12": 350,
      "N11_N10": 280,
      "N12_N11": 250,
      "N10_N9": 280,
      "N9_N8": 200,
      "N106_N107": 225,
      "N6_N7": 315,
      "N7_N106": 250,
      "N107_N108": 250,
      "N108_N109": 200,
      "N109_N110": 200,
      "N110_N121": 350,
      "N121_N120": 280,
      "N121_N122": 350,
      "N119_N118": 350,
      "N120_N119": 125,
      "N118_N117": 280,
      "N117_N195": 315,
      "N195_N116": 200,
      "N116_N115": 225,
      "N115_N114": 200,
      "N114_N113": 200,
      "N112_N111": 225,
      "N113_N112": 225,
      "N52_N42": 350,
      "N42_N72": 200,
      "N41_N40": 225,
      "N111_N42": 200,
      "N32_N31": 250,
      "N31_N30": 250,
      "N30_N29": 200,
      "N29_N196": 250,
      "N196_N28": 225,
      "N27_N26": 225,
      "N28_N27": 225,
      "N26_N25": 200,
      "N25_N24": 350,
      "N24_N23": 225,
      "N23_N22": 280,
      "N22_N21": 225,
      "N21_N20": 225,
      "N20_N19": 225,
      "N19_N18": 250,
      "N18_N3": 225,
      "N3_N4": 90,
      "N4_N5": 280,
      "N8_N7": 200,
      "N5_N6": 250,
      "N70_N69": 75,
      "N69_N68": 315,
      "N69_N51": 200,
      "N51_N50": 225,
      "N50_N49": 225,
      "N48_N47": 200,
      "N49_N48": 225,
      "N47_N46": 225,
      "N46_N45": 200,
      "N45_N44": 250,
      "N31_N17": 225,
      "N17_N16": 225,
      "N44_N43": 350,
      "N43_N17": 225,
      "N165_N84": 225,
      "N84_N83": 225,
      "N84_N85": 200,
      "N85_N86": 225,
      "N86_N87": 200,
      "N87_N88": 200,
      "N88_N89": 200,
      "N89_N90": 315,
      "N90_N91": 225,
      "N91_N92": 350,
      "N92_N93": 225,
      "N93_N94": 225,
      "N94_N95": 200,
      "N96_N97": 225,
      "N95_N96": 180,
      "N97_N98": 315,
      "N98_N99": 225,
      "N194_N99": 225,
      "N99_N100": 200,
      "N193_N194": 225,
      "N192_N193": 80,
      "N191_N192": 80,
      "N192_N71": 50,
      "N82_N81": 200,
      "N81_N80": 315,
      "N81_N135": 250,
      "N135_N134": 200,
      "N134_N133": 280,
      "N133_N132": 280,
      "N132_N131": 250,
      "N131_N130": 225,
      "N130_N129": 225,
      "N126_N127": 75,
      "N127_N136": 200,
      "N129_N128": 225,
      "N128_N127": 180,
      "N105_R1": 250,
      "N104_N105": 180,
      "N103_N104": 200,
      "N102_N103": 160,
      "N100_N101": 110,
      "N101_N102": 225,
      "R3_N1": 200,
      "N1_N2": 350,
      "N2_N3": 315,
      "R2_N41": 280,
      "N41_N42": 50
    },
    "diameters_mm": {
      "N142_N143": 250,
      "N144_N145": 250,
      "N143_N144": 315,
      "N145_N146": 225,
      "N146_N147": 225,
      "N149_N150": 200,
      "N150_N151": 225,
      "N151_N152": 200,
      "N152_N153": 280,
      "N154_N155": 250,
      "N153_N154": 225,
      "N155_N156": 225,
      "N156_N157": 200,
      "N157_N158": 225,
      "N158_N159": 225,
      "N159_N160": 280,
      "N160_N161": 200,
      "N161_N162": 225,
      "N162_N163": 280,
      "N163_N164": 250,
      "N164_N165": 225,
      "N83_N82": 225,
      "N122_N123": 225,
      "N123_N124": 225,
      "N124_N125": 200,
      "N125_N126": 225,
      "N136_N137": 225,
      "N137_N138": 225,
      "N139_N140": 225,
      "N138_N139": 225,
      "N140_N141": 250,
      "N141_N142": 225,
      "N147_N148": 200,
      "N148_N149": 250,
      "N148_N166": 350,
      "N166_N167": 225,
      "N168_N169": 225,
      "N167_N168": 280,
      "N169_N170": 225,
      "N170_N171": 200,
      "N171_N172": 200,
      "N172_N173": 350,
      "N173_N174": 315,
      "N174_N175": 225,
      "N176_N177": 280,
      "N175_N176": 250,
      "N177_N178": 225,
      "N178_N179": 315,
      "N179_N180": 200,
      "N180_N181": 200,
      "N181_N182": 250,
      "N182_N183": 250,
      "N183_N184": 225,
      "N184_N185": 250,
      "N185_N186": 200,
      "N186_N187": 250,
      "N187_N188": 225,
      "N188_N189": 200,
      "N189_N190": 225,
      "N190_N191": 200,
      "N71_N70": 225,
      "N68_N67": 200,
      "N67_N66": 225,
      "N66_N65": 225,
      "N65_N64": 225,
      "N64_N63": 350,
      "N63_N62": 250,
      "N62_N61": 225,
      "N60_N59": 225,
      "N61_N60": 225,
      "N59_N58": 250,
      "N58_N57": 225,
      "N57_N56": 250,
      "N56_N55": 250,
      "N55_N54": 350,
      "N54_N53": 250,
      "N53_N52": 200,
      "N72_N73": 225,
      "N74_N75": 250,
      "N73_N74": 280,
      "N75_N76": 250,
      "N76_N77": 200,
      "N77_N78": 280,
      "N78_N79": 200,
      "N80_N79": 450,
      "N40_N39": 200,
      "N39_N38": 200,
      "N38_N37": 350,
      "N36_N35": 225,
      "N37_N36": 280,
      "N35_N34": 280,
      "N34_N33": 250,
      "N33_N32": 225,
      "N16_N15": 225,
      "N15_N14": 200,
      "N14_N13": 315,
      "N13_N12": 350,
      "N11_N10": 280,
      "N12_N11": 250,
      "N10_N9": 280,
      "N9_N8": 200,
      "N106_N107": 225,
      "N6_N7": 315,
      "N7_N106": 250,
      "N107_N108": 250,
      "N108_N109": 200,
      "N109_N110": 200,
      "N110_N121": 350,
      "N121_N120": 280,
      "N121_N122": 350,
      "N119_N118": 350,
      "N120_N119": 125,
      "N118_N117": 280,
      "N117_N195": 315,
      "N195_N116": 200,
      "N116_N115": 225,
      "N115_N114": 200,
      "N114_N113": 200,
      "N112_N111": 225,
      "N113_N112": 225,
      "N52_N42": 350,
      "N42_N72": 200,
      "N41_N40": 225,
      "N111_N42": 200,
      "N32_N31": 250,
      "N31_N30": 250,
      "N30_N29": 200,
      "N29_N196": 250,
      "N196_N28": 225,
      "N27_N26": 225,
      "N28_N27": 225,
      "N26_N25": 200,
      "N25_N24": 350,
      "N24_N23": 225,