{
  "simulator": "epanet",
  "inp_stem": "tmp2sa0_cg7.demand_filled",
  "statistics": {
    "n_timesteps": 1,
    "mean_total_signed": -1.5355472536830348,
    "max_total_signed": -1.5355472536830348,
    "min_total_signed": -1.5355472536830348,
    "std_total_signed": NaN,
    "link_count": 205
  },
  "series": [
    {
      "time_s": 0.0,
      "sum_signed_m3s": -1.5355472536830348,
      "sum_abs_m3s": 9.43846787558141
    }
  ]
}