time_s,sum_signed_m3s,sum_abs_m3s
0.0,-1.5355472536830348,9.43846787558141
