time_s,sum_signed_m3s,sum_abs_m3s
0.0,-2.074900427600369,14.722746921004727
