{
  "simulator": "epanet",
  "inp_stem": "tmpvojch281.demand_filled",
  "statistics": {
    "n_timesteps": 1,
    "mean_total_signed": -0.45833414678054396,
    "max_total_signed": -0.45833414678054396,
    "min_total_signed": -0.45833414678054396,
    "std_total_signed": NaN,
    "link_count": 205
  },
  "series": [
    {
      "time_s": 0.0,
      "sum_signed_m3s": -0.45833414678054396,
      "sum_abs_m3s": 9.252337360885576
    }
  ]
}