time_s,sum_signed_m3s,sum_abs_m3s
0.0,-0.45833414678054396,9.252337360885576
