time_s,sum_signed_m3s,sum_abs_m3s
0.0,-2.882923478624434,9.575482039144845
