{
  "simulator": "epanet",
  "inp_stem": "bismark-Administrator",
  "statistics": {
    "n_timesteps": 1,
    "mean_total_signed": -2.882923478624434,
    "max_total_signed": -2.882923478624434,
    "min_total_signed": -2.882923478624434,
    "std_total_signed": NaN,
    "link_count": 205
  },
  "series": [
    {
      "time_s": 0.0,
      "sum_signed_m3s": -2.882923478624434,
      "sum_abs_m3s": 9.575482039144845
    }
  ]
}