{
  "simulator": "epanet",
  "inp_stem": "tmpxxcrm_de.demand_filled",
  "statistics": {
    "n_timesteps": 1,
    "mean_total_signed": -1.1566059967517504,
    "max_total_signed": -1.1566059967517504,
    "min_total_signed": -1.1566059967517504,
    "std_total_signed": NaN,
    "link_count": 205
  },
  "series": [
    {
      "time_s": 0.0,
      "sum_signed_m3s": -1.1566059967517504,
      "sum_abs_m3s": 9.25099244874582
    }
  ]
}