time_s,sum_signed_m3s,sum_abs_m3s
0.0,-1.1566059967517504,9.25099244874582
