time_s,sum_signed_m3s,sum_abs_m3s
0.0,-2.0976941842527594,14.88481476236484
