{
  "simulator": "epanet",
  "inp_stem": "tmpt18ylge4.demand_filled",
  "statistics": {
    "n_timesteps": 1,
    "mean_total_signed": -2.1072312390897423,
    "max_total_signed": -2.1072312390897423,
    "min_total_signed": -2.1072312390897423,
    "std_total_signed": NaN,
    "link_count": 205
  },
  "series": [
    {
      "time_s": 0.0,
      "sum_signed_m3s": -2.1072312390897423,
      "sum_abs_m3s": 10.341689308173954
    }
  ]
}