time_s,sum_signed_m3s,sum_abs_m3s
0.0,-2.1072312390897423,10.341689308173954
