time_s,sum_signed_m3s,sum_abs_m3s
0.0,-2.8811335770296864,9.577348791470286
