{
  "simulator": "epanet",
  "inp_stem": "tmp0vur85di.demand_override",
  "statistics": {
    "n_timesteps": 1,
    "mean_total_signed": -2.0749004748649895,
    "max_total_signed": -2.0749004748649895,
    "min_total_signed": -2.0749004748649895,
    "std_total_signed": NaN,
    "link_count": 205
  },
  "series": [
    {
      "time_s": 0.0,
      "sum_signed_m3s": -2.0749004748649895,
      "sum_abs_m3s": 14.722747119609267
    }
  ]
}