{
  "meta": {
    "method": "genetic",
    "solver": "epanet",
    "price_db_info": {
      "path": "C:\\PROJET_DIMENTIONEMENT_2\\src\\lcpi\\db\\aep_prices.db",
      "checksum": "7d0a554448756f4e33dc32e856f7a74693b824c1e611ab021f1813b98254cf99"
    },
    "constraints": {
      "pressure_min_m": 10.0,
      "velocity_min_m_s": 0.3,
      "velocity_max_m_s": 1.5
    },
    "source_meta": {
      "source": "inp",
      "file": "src\\lcpi\\aep\\PROTOTYPE\\INP\\bismark-Administrator.inp",
      "converted_at": 1755701040.8104823
    },
    "solver_details": {
      "family": "epanet",
      "backend": "dll"
    },
    "surrogate_used": false,
    "duration_seconds": 24.29333472251892,
    "solver_calls": 200,
    "sim_time_seconds_total": 8.569910764694214
  },
  "proposals": [
    {
      "id": "genetic_best",
      "H_tank_m": null,
      "diameters_mm": {
        "N142_N143": 25,
        "N144_N145": 50,
        "N143_N144": 280,
        "N145_N146": 315,
        "N146_N147": 125,
        "N149_N150": 65,
        "N150_N151": 75,
        "N151_N152": 350,
        "N152_N153": 32,
        "N154_N155": 900,
        "N153_N154": 110,
        "N155_N156": 350,
        "N156_N157": 160,
        "N157_N158": 225,
        "N158_N159": 800,
        "N159_N160": 160,
        "N160_N161": 50,
        "N161_N162": 75,
        "N162_N163": 500,
        "N163_N164": 250,
        "N164_N165": 710,
        "N83_N82": 50,
        "N122_N123": 140,
        "N123_N124": 200,
        "N124_N125": 180,
        "N125_N126": 800,
        "N136_N137": 200,
        "N137_N138": 20,
        "N139_N140": 800,
        "N138_N139": 40,
        "N140_N141": 110,
        "N141_N142": 400,
        "N147_N148": 350,
        "N148_N149": 140,
        "N148_N166": 125,
        "N166_N167": 20,
        "N168_N169": 900,
        "N167_N168": 40,
        "N169_N170": 630,
        "N170_N171": 800,
        "N171_N172": 350,
        "N172_N173": 90,
        "N173_N174": 710,
        "N174_N175": 75,
        "N176_N177": 90,
        "N175_N176": 560,
        "N177_N178": 20,
        "N178_N179": 350,
        "N179_N180": 630,
        "N180_N181": 900,
        "N181_N182": 800,
        "N182_N183": 50,
        "N183_N184": 560,
        "N184_N185": 710,
        "N185_N186": 90,
        "N186_N187": 350,
        "N187_N188": 50,
        "N188_N189": 25,
        "N189_N190": 180,
        "N190_N191": 140,
        "N71_N70": 225,
        "N68_N67": 80,
        "N67_N66": 450,
        "N66_N65": 20,
        "N65_N64": 225,
        "N64_N63": 80,
        "N63_N62": 125,
        "N62_N61": 140,
        "N60_N59": 280,
        "N61_N60": 40,
        "N59_N58": 500,
        "N58_N57": 25,
        "N57_N56": 25,
        "N56_N55": 630,
        "N55_N54": 140,
        "N54_N53": 315,
        "N53_N52": 20,
        "N72_N73": 32,
        "N74_N75": 400,
        "N73_N74": 32,
        "N75_N76": 160,
        "N76_N77": 800,
        "N77_N78": 160,
        "N78_N79": 160,
        "N80_N79": 225,
        "N40_N39": 500,
        "N39_N38": 40,
        "N38_N37": 280,
        "N36_N35": 225,
        "N37_N36": 350,
        "N35_N34": 180,
        "N34_N33": 225,
        "N33_N32": 250,
        "N16_N15": 900,
        "N15_N14": 90,
        "N14_N13": 500,
        "N13_N12": 75,
        "N11_N10": 65,
        "N12_N11": 500,
        "N10_N9": 250,
        "N9_N8": 710,
        "N106_N107": 800,
        "N6_N7": 140,
        "N7_N106": 500,
        "N107_N108": 800,
        "N108_N109": 400,
        "N109_N110": 315,
        "N110_N121": 710,
        "N121_N120": 50,
        "N121_N122": 710,
        "N119_N118": 500,
        "N120_N119": 800,
        "N118_N117": 140,
        "N117_N195": 900,
        "N195_N116": 160,
        "N116_N115": 80,
        "N115_N114": 560,
        "N114_N113": 350,
        "N112_N111": 560,
        "N113_N112": 400,
        "N52_N42": 500,
        "N42_N72": 450,
        "N41_N40": 400,
        "N111_N42": 50,
        "N32_N31": 315,
        "N31_N30": 140,
        "N30_N29": 225,
        "N29_N196": 25,
        "N196_N28": 32,
        "N27_N26": 560,
        "N28_N27": 75,
        "N26_N25": 125,
        "N25_N24": 500,
        "N24_N23": 560,
        "N23_N22": 40,
        "N22_N21": 350,
        "N21_N20": 280,
        "N20_N19": 350,
        "N19_N18": 200,
        "N18_N3": 450,
        "N3_N4": 225,
        "N4_N5": 630,
        "N8_N7": 40,
        "N5_N6": 80,
        "N70_N69": 65,
        "N69_N68": 110,
        "N69_N51": 200,
        "N51_N50": 400,
        "N50_N49": 200,
        "N48_N47": 90,
        "N49_N48": 110,
        "N47_N46": 50,
        "N46_N45": 200,
        "N45_N44": 900,
        "N31_N17": 400,
        "N17_N16": 160,
        "N44_N43": 90,
        "N43_N17": 65,
        "N165_N84": 225,
        "N84_N83": 710,
        "N84_N85": 180,
        "N85_N86": 350,
        "N86_N87": 25,
        "N87_N88": 40,
        "N88_N89": 25,
        "N89_N90": 110,
        "N90_N91": 560,
        "N91_N92": 50,
        "N92_N93": 560,
        "N93_N94": 32,
        "N94_N95": 110,
        "N96_N97": 250,
        "N95_N96": 160,
        "N97_N98": 125,
        "N98_N99": 40,
        "N194_N99": 900,
        "N99_N100": 710,
        "N193_N194": 560,
        "N192_N193": 560,
        "N191_N192": 40,
        "N192_N71": 80,
        "N82_N81": 800,
        "N81_N80": 280,
        "N81_N135": 560,
        "N135_N134": 350,
        "N134_N133": 110,
        "N133_N132": 630,
        "N132_N131": 500,
        "N131_N130": 140,
        "N130_N129": 140,
        "N126_N127": 125,
        "N127_N136": 140,
        "N129_N128": 75,
        "N128_N127": 400,
        "N105_R1": 160,
        "N104_N105": 20,
        "N103_N104": 50,
        "N102_N103": 280,
        "N100_N101": 630,
        "N101_N102": 900,
        "R3_N1": 350,
        "N1_N2": 350,
        "N2_N3": 450,
        "R2_N41": 40,
        "N41_N42": 32
      },
      "CAPEX": 14591209.0,
      "OPEX_NPV": null,
      "constraints_ok": true,
      "metrics": {
        "performance_hydraulique": 0.0,
        "diversity_to_best": 0.0
      },
      "constraints_violations": []
    }
  ],
  "pareto": [],
  "metrics": {},
  "cache_info": {
    "hit": false
  },
  "hydraulics": {
    "error": "DLL backend failed: Ecriture INP modifié échouée"
  },
  "report_payload": {
    "metadata": {
      "network_file": "src\\lcpi\\aep\\PROTOTYPE\\INP\\bismark-Administrator.inp",
      "method": "genetic",
      "solver": "epanet",
      "constraints": {
        "pressure_min_m": 10.0,
        "velocity_min_m_s": 0.3,
        "velocity_max_m_s": 1.5
      },
      "price_db_info": {
        "path": "C:\\PROJET_DIMENTIONEMENT_2\\src\\lcpi\\db\\aep_prices.db",
        "checksum": "7d0a554448756f4e33dc32e856f7a74693b824c1e611ab021f1813b98254cf99"
      }
    },
    "proposals": [
      {
        "name": "genetic_best",
        "is_feasible": true,
        "costs": {
          "capex": 14591209.0,
          "opex_npv": null
        },
        "tanks": [],
        "diameters_mm": {
          "N142_N143": 25,
          "N144_N145": 50,
          "N143_N144": 280,
          "N145_N146": 315,
          "N146_N147": 125,
          "N149_N150": 65,
          "N150_N151": 75,
          "N151_N152": 350,
          "N152_N153": 32,
          "N154_N155": 900,
          "N153_N154": 110,
          "N155_N156": 350,
          "N156_N157": 160,
          "N157_N158": 225,
          "N158_N159": 800,
          "N159_N160": 160,
          "N160_N161": 50,
          "N161_N162": 75,
          "N162_N163": 500,
          "N163_N164": 250,
          "N164_N165": 710,
          "N83_N82": 50,
          "N122_N123": 140,
          "N123_N124": 200,
          "N124_N125": 180,
          "N125_N126": 800,
          "N136_N137": 200,
          "N137_N138": 20,
          "N139_N140": 800,
          "N138_N139": 40,
          "N140_N141": 110,
          "N141_N142": 400,
          "N147_N148": 350,
          "N148_N149": 140,
          "N148_N166": 125,