{
  "simulator": "epanet",
  "inp_stem": "tmpuynkj72q.demand_override",
  "statistics": {
    "n_timesteps": 1,
    "mean_total_signed": -2.4898802720126696,
    "max_total_signed": -2.4898802720126696,
    "min_total_signed": -2.4898802720126696,
    "std_total_signed": NaN,
    "link_count": 205
  },
  "series": [
    {
      "time_s": 0.0,
      "sum_signed_m3s": -2.4898802720126696,
      "sum_abs_m3s": 17.667295904189814
    }
  ]
}