time_s,sum_signed_m3s,sum_abs_m3s
0.0,-2.4898802720126696,17.667295904189814
