{
  "simulator": "epanet",
  "inp_stem": "tmpij0zlsf1.demand_filled",
  "statistics": {
    "n_timesteps": 1,
    "mean_total_signed": -1.040050739000435,
    "max_total_signed": -1.040050739000435,
    "min_total_signed": -1.040050739000435,
    "std_total_signed": NaN,
    "link_count": 205
  },
  "series": [
    {
      "time_s": 0.0,
      "sum_signed_m3s": -1.040050739000435,
      "sum_abs_m3s": 9.19825467983901
    }
  ]
}