time_s,sum_signed_m3s,sum_abs_m3s
0.0,-1.040050739000435,9.19825467983901
