time_s,sum_signed_m3s,sum_abs_m3s
0.0,-1.0636501088010846,9.296755731964367
