{
  "simulator": "epanet",
  "inp_stem": "tmp8ex0ht5d.demand_filled",
  "statistics": {
    "n_timesteps": 1,
    "mean_total_signed": -1.0636501088010846,
    "max_total_signed": -1.0636501088010846,
    "min_total_signed": -1.0636501088010846,
    "std_total_signed": NaN,
    "link_count": 205
  },
  "series": [
    {
      "time_s": 0.0,
      "sum_signed_m3s": -1.0636501088010846,
      "sum_abs_m3s": 9.296755731964367
    }
  ]
}