time_s,sum_signed_m3s,sum_abs_m3s
0.0,-1.1045339847623836,9.179308500461048
