time_s,sum_signed_m3s,sum_abs_m3s
0.0,-1.1722469662490766,9.090585466881748
