{
  "simulator": "epanet",
  "inp_stem": "tmpnk6vch88.demand_filled",
  "statistics": {
    "n_timesteps": 1,
    "mean_total_signed": -1.1722469662490766,
    "max_total_signed": -1.1722469662490766,
    "min_total_signed": -1.1722469662490766,
    "std_total_signed": NaN,
    "link_count": 205
  },
  "series": [
    {
      "time_s": 0.0,
      "sum_signed_m3s": -1.1722469662490766,
      "sum_abs_m3s": 9.090585466881748
    }
  ]
}