time_s,sum_signed_m3s,sum_abs_m3s
0.0,-1.0312523950706236,9.191771647485439
