time_s,sum_signed_m3s,sum_abs_m3s
0.0,-2.8811304562550504,9.577350484352792
