time_s,sum_signed_m3s,sum_abs_m3s
0.0,-1.4893946063821204,9.51455414557131
