time_s,sum_signed_m3s,sum_abs_m3s
0.0,-1.326359350437997,9.22992479216191
