{
  "simulator": "epanet",
  "inp_stem": "tmpw5obxlp_.demand_filled",
  "statistics": {
    "n_timesteps": 1,
    "mean_total_signed": -1.326359350437997,
    "max_total_signed": -1.326359350437997,
    "min_total_signed": -1.326359350437997,
    "std_total_signed": NaN,
    "link_count": 205
  },
  "series": [
    {
      "time_s": 0.0,
      "sum_signed_m3s": -1.326359350437997,
      "sum_abs_m3s": 9.22992479216191
    }
  ]
}