{
  "simulator": "epanet",
  "inp_stem": "tmpsyqdueuy.demand_filled",
  "statistics": {
    "n_timesteps": 1,
    "mean_total_signed": 0.886846915105707,
    "max_total_signed": 0.886846915105707,
    "min_total_signed": 0.886846915105707,
    "std_total_signed": NaN,
    "link_count": 205
  },
  "series": [
    {
      "time_s": 0.0,
      "sum_signed_m3s": 0.886846915105707,
      "sum_abs_m3s": 8.917815319015062
    }
  ]
}