time_s,sum_signed_m3s,sum_abs_m3s
0.0,0.886846915105707,8.917815319015062
