time_s,sum_signed_m3s,sum_abs_m3s
0.0,0.5130483217653818,8.938470211753156
