{
  "simulator": "epanet",
  "inp_stem": "tmpvisgaf6c.demand_filled",
  "statistics": {
    "n_timesteps": 1,
    "mean_total_signed": 0.5130483217653818,
    "max_total_signed": 0.5130483217653818,
    "min_total_signed": 0.5130483217653818,
    "std_total_signed": NaN,
    "link_count": 205
  },
  "series": [
    {
      "time_s": 0.0,
      "sum_signed_m3s": 0.5130483217653818,
      "sum_abs_m3s": 8.938470211753156
    }
  ]
}