time_s,sum_signed_m3s,sum_abs_m3s
0.0,1.0060439344961196,13.43925681291148
