{
  "simulator": "epanet",
  "inp_stem": "tmpocaagvvu.demand_filled",
  "statistics": {
    "n_timesteps": 1,
    "mean_total_signed": 1.0060439344961196,
    "max_total_signed": 1.0060439344961196,
    "min_total_signed": 1.0060439344961196,
    "std_total_signed": NaN,
    "link_count": 205
  },
  "series": [
    {
      "time_s": 0.0,
      "sum_signed_m3s": 1.0060439344961196,
      "sum_abs_m3s": 13.43925681291148
    }
  ]
}