time_s,sum_signed_m3s,sum_abs_m3s
0.0,-1.2021036772348452,9.179001758951927
