{
  "simulator": "epanet",
  "inp_stem": "bismark-Administrator",
  "statistics": {
    "n_timesteps": 1,
    "mean_total_signed": -1.2021036772348452,
    "max_total_signed": -1.2021036772348452,
    "min_total_signed": -1.2021036772348452,
    "std_total_signed": NaN,
    "link_count": 205
  },
  "series": [
    {
      "time_s": 0.0,
      "sum_signed_m3s": -1.2021036772348452,
      "sum_abs_m3s": 9.179001758951927
    }
  ]
}