{
  "simulator": "epanet",
  "inp_stem": "tmpffe1mbty.demand_filled",
  "statistics": {
    "n_timesteps": 1,
    "mean_total_signed": -2.8811335770296864,
    "max_total_signed": -2.8811335770296864,
    "min_total_signed": -2.8811335770296864,
    "std_total_signed": NaN,
    "link_count": 205
  },
  "series": [
    {
      "time_s": 0.0,
      "sum_signed_m3s": -2.8811335770296864,
      "sum_abs_m3s": 9.577348791470286
    }
  ]
}