time_s,sum_signed_m3s,sum_abs_m3s
0.0,-2.0749004748649895,14.722747119609267
